{
    "prototypes_initial": {
        "1": [
            2.3976,
            1.5328,
            1.9044,
            1.1937,
            2.4184,
            1.8649
        ],
        "2": [
            1.1201,
            0.0587,
            1.3154,
            5.3783,
            3.1849,
            2.4276
        ],
        "3": [
            1.4871,
            2.3448,
            0.9918,
            2.316,
            1.6783,
            5.085
        ],
        "4": [
            2.9364,
            1.5233,
            4.6109,
            1.316,
            4.27,
            6.8749
        ]
    },
    "prototypes_final": {
        "1": [
            2.3418687234357654,
            1.4868391551183961,
            1.942279407073543,
            1.2459011601804284,
            2.3310804652829162,
            1.814711208591446
        ],
        "2": [
            1.0639775346841973,
            0.13080646729386083,
            1.249286174947166,
            5.362728049700356,
            3.1517435043728534,
            2.3541785225090117
        ],
        "3": [
            1.4053914352584522,
            2.280669260110502,
            1.0350265218172925,
            2.4217785979950897,
            1.7343974965962032,
            5.096136702006168
        ],
        "4": [
            2.948970642922703,
            1.4920847225533354,
            4.661537689627842,
            1.3815693678052379,
            4.2521001815675685,
            6.854524575726837
        ]
    },
    "test_classification": [
        {
            "dia": 1,
            "x": [
                2.9817,
                1.5656,
                4.8391,
                1.4311,
                4.1916,
                6.9718
            ],
            "classe": 4
        },
        {
            "dia": 2,
            "x": [
                1.5537,
                2.2615,
                1.3169,
                2.5873,
                1.757,
                5.0958
            ],
            "classe": 3
        },
        {
            "dia": 3,
            "x": [
                1.224,
                0.2445,
                1.3595,
                5.4192,
                3.2027,
                2.5675
            ],
            "classe": 2
        },
        {
            "dia": 4,
            "x": [
                2.5828,
                1.5146,
                2.1119,
                1.2859,
                2.3414,
                1.8695
            ],
            "classe": 1
        },
        {
            "dia": 5,
            "x": [
                2.4168,
                1.4857,
                1.8959,
                1.3013,
                2.45,
                1.7868
            ],
            "classe": 1
        },
        {
            "dia": 6,
            "x": [
                1.0604,
                0.2276,
                1.2806,
                5.4732,
                3.2133,
                2.4839
            ],
            "classe": 2
        },
        {
            "dia": 7,
            "x": [
                1.5246,
                2.4254,
                1.1353,
                2.5325,
                1.7569,
                5.264
            ],
            "classe": 3
        },
        {
            "dia": 8,
            "x": [
                3.0565,
                1.6259,
                4.7743,
                1.3654,
                4.2904,
                6.9808
            ],
            "classe": 4
        }
    ]
}